"RK",TIERS,"PLAYER NAME",TEAM,"POS","BYE","UPSIDE ","BUST ","SOS","ECR VS ADP"
"1",1,"Jahmyr Gibbs",DET,"RB1","6","Coach Upside rating","Coach Bust rating","5 out of 5 stars","0"
"2",1,"Bijan Robinson",ATL,"RB2","11","Coach Upside rating","Coach Bust rating","2 out of 5 stars","0"
"3",1,"Ja'Marr Chase",CIN,"WR1","6","Coach Upside rating","Coach Bust rating","4 out of 5 stars","0"
"4",1,"Puka Nacua",LAR,"WR2","11","Coach Upside rating","Coach Bust rating","1 out of 5 stars","+2"
"5",1,"Jaxon Smith-Njigba",SEA,"WR3","11","Coach Upside rating","Coach Bust rating","3 out of 5 stars","+3"
"6",2,"Amon-Ra St. Brown",DET,"WR4","6","Coach Upside rating","Coach Bust rating","4 out of 5 stars","+6"
"7",2,"Jonathan Taylor",IND,"RB3","13","Coach Upside rating","Coach Bust rating","4 out of 5 stars","-2"
"8",2,"Christian McCaffrey",SF,"RB4","8","Coach Upside rating","Coach Bust rating","2 out of 5 stars","-4"
"9",2,"CeeDee Lamb",DAL,"WR5","14","Coach Upside rating","Coach Bust rating","2 out of 5 stars","+6"
"10",2,"James Cook III",BUF,"RB5","7","Coach Upside rating","Coach Bust rating","2 out of 5 stars","-3"
"11",2,"Justin Jefferson",MIN,"WR6","6","Coach Upside rating","Coach Bust rating","5 out of 5 stars","+5"
"12",3,"Derrick Henry",BAL,"RB6","13","Coach Upside rating","Coach Bust rating","3 out of 5 stars","+1"
"13",3,"Nico Collins",HOU,"WR7","8","Coach Upside rating","Coach Bust rating","3 out of 5 stars","+13"
"14",3,"Drake London",ATL,"WR8","11","Coach Upside rating","Coach Bust rating","3 out of 5 stars","+6"
"15",3,"A.J. Brown",NE,"WR9","11","Coach Upside rating","Coach Bust rating","2 out of 5 stars","+13"
"16",3,"Saquon Barkley",PHI,"RB7","10","Coach Upside rating","Coach Bust rating","4 out of 5 stars","-2"
"17",3,"Brock Bowers",LV,"TE1","13","Coach Upside rating","Coach Bust rating","3 out of 5 stars","+8"
"18",3,"Ashton Jeanty",LV,"RB8","13","Coach Upside rating","Coach Bust rating","2 out of 5 stars","-9"
"19",3,"George Pickens",DAL,"WR10","14","Coach Upside rating","Coach Bust rating","2 out of 5 stars","+8"
"20",3,"Omarion Hampton",LAC,"RB9","7","Coach Upside rating","Coach Bust rating","3 out of 5 stars","-9"
"21",3,"Trey McBride",ARI,"TE2","14","Coach Upside rating","Coach Bust rating","2 out of 5 stars","-2"
"22",3,"Kenneth Walker III",KC,"RB10","5","Coach Upside rating","Coach Bust rating","3 out of 5 stars","0"
"23",3,"Josh Allen",BUF,"QB1","7","Coach Upside rating","Coach Bust rating","3 out of 5 stars","-5"
"24",4,"Rashee Rice",KC,"WR11","5","Coach Upside rating","Coach Bust rating","2 out of 5 stars","+10"
"25",4,"Chase Brown",CIN,"RB11","6","Coach Upside rating","Coach Bust rating","2 out of 5 stars","-8"
"26",4,"De'Von Achane",MIA,"RB12","6","Coach Upside rating","Coach Bust rating","3 out of 5 stars","-16"
"",4
"27",4,"Chris Olave",NO,"WR12","8","Coach Upside rating","Coach Bust rating","3 out of 5 stars","+2"
"28",4,"Lamar Jackson",BAL,"QB2","13","Coach Upside rating","Coach Bust rating","3 out of 5 stars","+5"
"29",4,"Tee Higgins",CIN,"WR13","6","Coach Upside rating","Coach Bust rating","4 out of 5 stars","+10"
"30",4,"Kyren Williams",LAR,"RB13","11","Coach Upside rating","Coach Bust rating","5 out of 5 stars","-7"
"31",4,"Zay Flowers",BAL,"WR14","13","Coach Upside rating","Coach Bust rating","4 out of 5 stars","+14"
"32",4,"DeVonta Smith",PHI,"WR15","10","Coach Upside rating","Coach Bust rating","4 out of 5 stars","+12"
"33",4,"Drake Maye",NE,"QB3","11","Coach Upside rating","Coach Bust rating","2 out of 5 stars","+22"
"34",4,"Tetairoa McMillan",CAR,"WR16","5","Coach Upside rating","Coach Bust rating","2 out of 5 stars","+4"
"35",4,"Josh Jacobs",GB,"RB14","11","Coach Upside rating","Coach Bust rating","4 out of 5 stars","-11"
"36",4,"Emeka Egbuka",TB,"WR17","10","Coach Upside rating","Coach Bust rating","4 out of 5 stars","+10"
"37",5,"Javonte Williams",DAL,"RB15","14","Coach Upside rating","Coach Bust rating","4 out of 5 stars","-6"
"38",5,"Colston Loveland",CHI,"TE3","10","Coach Upside rating","Coach Bust rating","2 out of 5 stars","+11"
"39",5,"Malik Nabers",NYG,"WR18","8","Coach Upside rating","Coach Bust rating","4 out of 5 stars","-2"
"40",5,"Breece Hall",NYJ,"RB16","13","Coach Upside rating","Coach Bust rating","3 out of 5 stars","-10"
"41",5,"Joe Burrow",CIN,"QB4","6","Coach Upside rating","Coach Bust rating","3 out of 5 stars","+17"
"42",5,"Jeremiyah Love",ARI,"RB17","14","Coach Upside rating","Coach Bust rating","2 out of 5 stars","-21"
"43",5,"Davante Adams",LAR,"WR19","11","Coach Upside rating","Coach Bust rating","1 out of 5 stars","+13"
"44",5,"Terry McLaurin",WAS,"WR20","7","Coach Upside rating","Coach Bust rating","2 out of 5 stars","+15"
"45",5,"Ladd McConkey",LAC,"WR21","7","Coach Upside rating","Coach Bust rating","2 out of 5 stars","+5"
"46",5,"Jaylen Waddle",DEN,"WR22","10","Coach Upside rating","Coach Bust rating","2 out of 5 stars","+6"
"47",5,"Jameson Williams",DET,"WR23","6","Coach Upside rating","Coach Bust rating","4 out of 5 stars","+10"
"48",5,"Travis Etienne Jr.",NO,"RB18","8","Coach Upside rating","Coach Bust rating","3 out of 5 stars","-16"
"49",5,"Jayden Daniels",WAS,"QB5","7","Coach Upside rating","Coach Bust rating","2 out of 5 stars","+15"
"50",5,"Christian Watson",GB,"WR24","11","Coach Upside rating","Coach Bust rating","5 out of 5 stars","+17"
"51",5,"Mike Evans",SF,"WR25","8","Coach Upside rating","Coach Bust rating","2 out of 5 stars","+11"
"52",5,"Garrett Wilson",NYJ,"WR26","13","Coach Upside rating","Coach Bust rating","4 out of 5 stars","-12"
"53",5,"Cam Skattebo",NYG,"RB19","8","Coach Upside rating","Coach Bust rating","4 out of 5 stars","-17"
"54",6,"Quinshon Judkins",CLE,"RB20","11","Coach Upside rating","Coach Bust rating","3 out of 5 stars","-12"
"55",6,"D'Andre Swift",CHI,"RB21","10","Coach Upside rating","Coach Bust rating","2 out of 5 stars","-2"
"56",6,"Luther Burden III",CHI,"WR27","10","Coach Upside rating","Coach Bust rating","3 out of 5 stars","-15"
"57",6,"Bucky Irving",TB,"RB22","10","Coach Upside rating","Coach Bust rating","2 out of 5 stars","-22"
"58",6,"Rome Odunze",CHI,"WR28","10","Coach Upside rating","Coach Bust rating","3 out of 5 stars","+8"
"59",6,"Jalen Hurts",PHI,"QB6","10","Coach Upside rating","Coach Bust rating","5 out of 5 stars","+10"
"60",6,"David Montgomery",HOU,"RB23","8","Coach Upside rating","Coach Bust rating","4 out of 5 stars","-12"
"61",6,"Tucker Kraft",GB,"TE4","11","Coach Upside rating","Coach Bust rating","2 out of 5 stars","+17"
"62",6,"TreVeyon Henderson",NE,"RB24","11","Coach Upside rating","Coach Bust rating","2 out of 5 stars","-19"
"63",6,"DJ Moore",BUF,"WR29","7","Coach Upside rating","Coach Bust rating","4 out of 5 stars","-12"
"64",6,"Tyler Warren",IND,"TE5","13","Coach Upside rating","Coach Bust rating","3 out of 5 stars","-4"
"65",6,"Bhayshul Tuten",JAC,"RB25","7","Coach Upside rating","Coach Bust rating","4 out of 5 stars","-18"
"66",6,"Jadarian Price",SEA,"RB26","11","Coach Upside rating","Coach Bust rating","4 out of 5 stars","+14"
"67",6,"Caleb Williams",CHI,"QB7","10","Coach Upside rating","Coach Bust rating","3 out of 5 stars","+17"
"68",6,"Justin Herbert",LAC,"QB8","7","Coach Upside rating","Coach Bust rating","2 out of 5 stars","+21"
"69",6,"Trevor Lawrence",JAC,"QB9","7","Coach Upside rating","Coach Bust rating","4 out of 5 stars","+18"
"70",6,"Marvin Harrison Jr.",ARI,"WR30","14","Coach Upside rating","Coach Bust rating","2 out of 5 stars","+11"
"71",6,"Carnell Tate",TEN,"WR31","9","Coach Upside rating","Coach Bust rating","3 out of 5 stars","0"
"72",6,"Alec Pierce",IND,"WR32","13","Coach Upside rating","Coach Bust rating","4 out of 5 stars","+21"
"73",7,"Brian Thomas Jr.",JAC,"WR33","7","Coach Upside rating","Coach Bust rating","4 out of 5 stars","+1"
"74",7,"Tony Pollard",TEN,"RB27","9","Coach Upside rating","Coach Bust rating","3 out of 5 stars","-4"
"75",7,"Jaylen Warren",PIT,"RB28","9","Coach Upside rating","Coach Bust rating","2 out of 5 stars","-14"
"76",7,"DK Metcalf",PIT,"WR34","9","Coach Upside rating","Coach Bust rating","3 out of 5 stars","+9"
"77",7,"Dak Prescott",DAL,"QB10","14","Coach Upside rating","Coach Bust rating","2 out of 5 stars","+13"
"78",7,"Sam LaPorta",DET,"TE6","6","Coach Upside rating","Coach Bust rating","3 out of 5 stars","+8"
"79",7,"Rhamondre Stevenson",NE,"RB29","11","Coach Upside rating","Coach Bust rating","2 out of 5 stars","-14"
"80",7,"Chuba Hubbard",CAR,"RB30","5","Coach Upside rating","Coach Bust rating","1 out of 5 stars","-3"
"81",7,"Courtland Sutton",DEN,"WR35","10","Coach Upside rating","Coach Bust rating","2 out of 5 stars","-5"
"82",7,"Rico Dowdle",PIT,"RB31","9","Coach Upside rating","Coach Bust rating","2 out of 5 stars","-14"
"83",7,"Parker Washington",JAC,"WR36","7","Coach Upside rating","Coach Bust rating","4 out of 5 stars","+11"
"84",7,"J.K. Dobbins",DEN,"RB32","10","Coach Upside rating","Coach Bust rating","2 out of 5 stars","-5"
"85",7,"Harold Fannin Jr.",CLE,"TE7","11","Coach Upside rating","Coach Bust rating","3 out of 5 stars","-22"
"86",7,"Blake Corum",LAR,"RB33","11","Coach Upside rating","Coach Bust rating","5 out of 5 stars","-4"
"87",7,"Kyle Pitts Sr.",ATL,"TE8","11","Coach Upside rating","Coach Bust rating","3 out of 5 stars","-14"
"88",7,"Quentin Johnston",LAC,"WR37","7","Coach Upside rating","Coach Bust rating","2 out of 5 stars","+25"
"89",7,"Kyle Monangai",CHI,"RB34","10","Coach Upside rating","Coach Bust rating","2 out of 5 stars","-17"
"90",7,"Jaxson Dart",NYG,"QB11","8","Coach Upside rating","Coach Bust rating","4 out of 5 stars","+2"
"",7
"91",7,"Brock Purdy",SF,"QB12","8","Coach Upside rating","Coach Bust rating","1 out of 5 stars","+19"
"92",7,"Chris Godwin Jr.",TB,"WR38","10","Coach Upside rating","Coach Bust rating","4 out of 5 stars","-4"
"93",7,"Jordyn Tyson",NO,"WR39","8","Coach Upside rating","Coach Bust rating","3 out of 5 stars","-10"
"94",7,"Jordan Addison",MIN,"WR40","6","Coach Upside rating","Coach Bust rating","5 out of 5 stars","+11"
"95",7,"George Kittle",SF,"TE9","8","Coach Upside rating","Coach Bust rating","3 out of 5 stars","+7"
"96",7,"RJ Harvey",DEN,"RB35","10","Coach Upside rating","Coach Bust rating","2 out of 5 stars","-42"
"97",7,"Michael Wilson",ARI,"WR41","14","Coach Upside rating–No rating available","Coach Bust rating–No rating available","2 out of 5 stars","-22"
"98",7,"Patrick Mahomes II",KC,"QB13","5","Coach Upside rating","Coach Bust rating","2 out of 5 stars","+9"
"99",7,"Bo Nix",DEN,"QB14","10","Coach Upside rating","Coach Bust rating","3 out of 5 stars","+20"
"100",7,"Makai Lemon",PHI,"WR42","10","Coach Upside rating","Coach Bust rating","4 out of 5 stars","-5"
"101",8,"Matthew Stafford",LAR,"QB15","11","Coach Upside rating","Coach Bust rating","3 out of 5 stars","+16"
"102",8,"Dalton Kincaid",BUF,"TE10","7","Coach Upside rating","Coach Bust rating","3 out of 5 stars","-4"
"103",8,"Jacory Croskey-Merritt",WAS,"RB36","7","Coach Upside rating","Coach Bust rating","4 out of 5 stars","-3"
"104",8,"Travis Kelce",KC,"TE11","5","Coach Upside rating","Coach Bust rating","4 out of 5 stars","-1"
"105",8,"Jordan Mason",MIN,"RB37","6","Coach Upside rating","Coach Bust rating","4 out of 5 stars","-1"
"106",8,"Rachaad White",WAS,"RB38","7","Coach Upside rating","Coach Bust rating","4 out of 5 stars","+9"
"107",8,"Jared Goff",DET,"QB16","6","Coach Upside rating","Coach Bust rating","5 out of 5 stars","+19"
"108",8,"Michael Pittman Jr.",PIT,"WR43","9","Coach Upside rating","Coach Bust rating","3 out of 5 stars","0"
"109",8,"Jayden Reed",GB,"WR44","11","Coach Upside rating","Coach Bust rating","5 out of 5 stars","+14"
"110",8,"Jakobi Meyers",JAC,"WR45","7","Coach Upside rating","Coach Bust rating","4 out of 5 stars","-19"
"111",8,"Kenny Gainwell",TB,"RB39","10","Coach Upside rating","Coach Bust rating","2 out of 5 stars","-15"
"112",8,"Aaron Jones Sr.",MIN,"RB40","6","Coach Upside rating","Coach Bust rating","4 out of 5 stars","-13"
"113",8,"Dallas Goedert",PHI,"TE12","10","Coach Upside rating","Coach Bust rating","4 out of 5 stars","+3"
"114",8,"Jonathon Brooks",CAR,"RB41","5","Coach Upside rating","Coach Bust rating","1 out of 5 stars","+14"
"115",8,"Kyler Murray",MIN,"QB17","6","Coach Upside rating","Coach Bust rating","5 out of 5 stars","+42"
"116",8,"Mark Andrews",BAL,"TE13","13","Coach Upside rating","Coach Bust rating","4 out of 5 stars","-7"
"117",8,"Xavier Worthy",KC,"WR46","5","Coach Upside rating","Coach Bust rating","2 out of 5 stars","+12"
"118",8,"Baker Mayfield",TB,"QB18","10","Coach Upside rating","Coach Bust rating","2 out of 5 stars","+24"
"119",8,"Josh Downs",IND,"WR47","13","Coach Upside rating","Coach Bust rating","4 out of 5 stars","+14"
"120",8,"Isaiah Likely",NYG,"TE14","8","Coach Upside rating","Coach Bust rating","3 out of 5 stars","-19"
"121",8,"Jordan Love",GB,"QB19","11","Coach Upside rating","Coach Bust rating","4 out of 5 stars","+17"
"122",8,"Wan'Dale Robinson",TEN,"WR48","9","Coach Upside rating","Coach Bust rating","3 out of 5 stars","-25"
"123",8,"Tyler Shough",NO,"QB20","8","Coach Upside rating","Coach Bust rating","3 out of 5 stars","+22"
"124",8,"Chris Rodriguez Jr.",JAC,"RB42","7","Coach Upside rating","Coach Bust rating","4 out of 5 stars","+25"
"125",8,"Jayden Higgins",HOU,"WR49","8","Coach Upside rating","Coach Bust rating","3 out of 5 stars","+18"
"126",8,"Jake Ferguson",DAL,"TE15","14","Coach Upside rating","Coach Bust rating","2 out of 5 stars","-20"
"127",8,"Tyler Allgeier",ARI,"RB43","14","Coach Upside rating","Coach Bust rating","2 out of 5 stars","-15"
"128",8,"Tyrone Tracy Jr.",NYG,"RB44","8","Coach Upside rating","Coach Bust rating","4 out of 5 stars","-7"
"129",8,"Romeo Doubs",NE,"WR50","11","Coach Upside rating","Coach Bust rating","2 out of 5 stars","-4"
"130",8,"Woody Marks",HOU,"RB45","8","Coach Upside rating","Coach Bust rating","4 out of 5 stars","-19"
"131",9,"Malik Willis",MIA,"QB21","6","Coach Upside rating","Coach Bust rating","3 out of 5 stars","+20"
"132",9,"Zach Charbonnet",SEA,"RB46","11","Coach Upside rating","Coach Bust rating","4 out of 5 stars","-12"
"133",9,"Jalen Coker",CAR,"WR51","5","Coach Upside rating","Coach Bust rating","2 out of 5 stars","+13"
"134",9,"Matthew Golden",GB,"WR52","11","Coach Upside rating","Coach Bust rating","5 out of 5 stars","+30"
"135",9,"Rashid Shaheed",SEA,"WR53","11","Coach Upside rating","Coach Bust rating","3 out of 5 stars","+27"
"136",9,"Khalil Shakir",BUF,"WR54","7","Coach Upside rating","Coach Bust rating","4 out of 5 stars","+1"
"137",9,"KC Concepcion",CLE,"WR55","11","Coach Upside rating","Coach Bust rating","3 out of 5 stars","+3"
"138",9,"Isiah Pacheco",DET,"RB47","6","Coach Upside rating","Coach Bust rating","5 out of 5 stars","+17"
"139",9,"Tank Bigsby",PHI,"RB48","10","Coach Upside rating","Coach Bust rating","4 out of 5 stars","+26"
"140",9,"C.J. Stroud",HOU,"QB22","8","Coach Upside rating","Coach Bust rating","4 out of 5 stars","+31"
"141",9,"Sam Darnold",SEA,"QB23","11","Coach Upside rating","Coach Bust rating","4 out of 5 stars","+29"
"142",9,"Brian Robinson Jr.",ATL,"RB49","11","Coach Upside rating","Coach Bust rating","2 out of 5 stars","-28"
"143",9,"Alvin Kamara",NO,"RB50","8","Coach Upside rating","Coach Bust rating","3 out of 5 stars","-13"
"144",9,"Hunter Henry",NE,"TE16","11","Coach Upside rating","Coach Bust rating","4 out of 5 stars","-22"
"145",9,"Brenton Strange",JAC,"TE17","7","Coach Upside rating","Coach Bust rating","3 out of 5 stars","-14"
"146",9,"Oronde Gadsden II",LAC,"TE18","7","Coach Upside rating","Coach Bust rating","4 out of 5 stars","-19"
"147",9,"Keaton Mitchell",LAC,"RB51","7","Coach Upside rating","Coach Bust rating","3 out of 5 stars","+11"
"148",9,"Tyjae Spears",TEN,"RB52","9","Coach Upside rating","Coach Bust rating","3 out of 5 stars","-16"
"149",9,"Juwan Johnson",NO,"TE19","8","Coach Upside rating","Coach Bust rating","2 out of 5 stars","-31"
"150",9,"Dylan Sampson",CLE,"RB53","11","Coach Upside rating","Coach Bust rating","3 out of 5 stars","+2"
"151",9,"Cam Ward",TEN,"QB24","9","Coach Upside rating","Coach Bust rating","3 out of 5 stars","+39"
"152",9,"Jauan Jennings",MIN,"WR56","6","Coach Upside rating","Coach Bust rating","5 out of 5 stars","+1"
"153",9,"Houston Texans",HOU,"DST1","8","Coach Upside rating–No rating available","Coach Bust rating–No rating available","2 out of 5 stars","-19"
"154",9,"Chig Okonkwo",WAS,"TE20","7","Coach Upside rating","Coach Bust rating","1 out of 5 stars","-7"
"155",9,"Jonah Coleman",DEN,"RB54","10","Coach Upside rating","Coach Bust rating","2 out of 5 stars","-19"
"156",9,"Jerry Jeudy",CLE,"WR57","11","Coach Upside rating","Coach Bust rating","3 out of 5 stars","+17"
"157",9,"Daniel Jones",IND,"QB25","13","Coach Upside rating","Coach Bust rating","4 out of 5 stars","+41"
"158",9,"Adonai Mitchell",NYJ,"WR58","13","Coach Upside rating","Coach Bust rating","4 out of 5 stars","+42"
"159",9,"Braelon Allen",NYJ,"RB55","13","Coach Upside rating","Coach Bust rating","3 out of 5 stars","+8"
"160",9,"Jalen McMillan",TB,"WR59","10","Coach Upside rating","Coach Bust rating","4 out of 5 stars","+20"
"161",9,"Denver Broncos",DEN,"DST2","10","Coach Upside rating–No rating available","Coach Bust rating–No rating available","4 out of 5 stars","-5"
"162",9,"Denzel Boston",CLE,"WR60","11","Coach Upside rating","Coach Bust rating","3 out of 5 stars","+13"
"163",9,"Bryce Young",CAR,"QB26","5","Coach Upside rating","Coach Bust rating","2 out of 5 stars","+31"
"164",9,"Seattle Seahawks",SEA,"DST3","11","Coach Upside rating–No rating available","Coach Bust rating–No rating available","2 out of 5 stars","-16"
"165",9,"Omar Cooper Jr.",NYJ,"WR61","13","Coach Upside rating","Coach Bust rating","4 out of 5 stars","+4"
"166",10,"Los Angeles Rams",LAR,"DST4","11","Coach Upside rating–No rating available","Coach Bust rating–No rating available","2 out of 5 stars","-27"
"167",10,"Philadelphia Eagles",PHI,"DST5","10","Coach Upside rating–No rating available","Coach Bust rating–No rating available","0 out of 5 stars","-4"
"168",10,"Tre Tucker",LV,"WR62","13","Coach Upside rating","Coach Bust rating","2 out of 5 stars","+43"
"169",10,"Travis Hunter",JAC,"WR63","7","Coach Upside rating","Coach Bust rating","4 out of 5 stars","+28"
"170",10,"Deebo Samuel Sr.",SF,"WR64","8","Coach Upside rating","Coach Bust rating","2 out of 5 stars","+2"
"171",10,"Tre' Harris",LAC,"WR65","7","Coach Upside rating","Coach Bust rating","2 out of 5 stars","+50"
"172",10,"Emanuel Wilson",SEA,"RB56","11","Coach Upside rating","Coach Bust rating","4 out of 5 stars","+38"
"173",10,"Kimani Vidal",LAC,"RB57","7","Coach Upside rating–No rating available","Coach Bust rating–No rating available","3 out of 5 stars","+16"
"174",10,"Kayshon Boutte",NE,"WR66","11","Coach Upside rating","Coach Bust rating","2 out of 5 stars","+3"
"175",10,"AJ Barner",SEA,"TE21","11","Coach Upside rating","Coach Bust rating","3 out of 5 stars","+6"
"176",10,"Brandon Aubrey",DAL,"K1","14","Coach Upside rating","Coach Bust rating","2 out of 5 stars","-52"
"177",10,"Sean Tucker",TB,"RB58","10","Coach Upside rating","Coach Bust rating","2 out of 5 stars","+10"
"178",10,"Minnesota Vikings",MIN,"DST6","6","Coach Upside rating–No rating available","Coach Bust rating–No rating available","1 out of 5 stars","+7"
"179",10,"Calvin Ridley",TEN,"WR67","9","Coach Upside rating","Coach Bust rating","3 out of 5 stars","+3"
"180",10,"Jacksonville Jaguars",JAC,"DST7","7","Coach Upside rating–No rating available","Coach Bust rating–No rating available","3 out of 5 stars","+22"
"181",10,"Ryan Flournoy",DAL,"WR68","14","Coach Upside rating","Coach Bust rating","2 out of 5 stars","+84"
"182",10,"Pittsburgh Steelers",PIT,"DST8","9","Coach Upside rating–No rating available","Coach Bust rating–No rating available","5 out of 5 stars","+34"
"183",10,"New England Patriots",NE,"DST9","11","Coach Upside rating–No rating available","Coach Bust rating–No rating available","3 out of 5 stars","-5"
"184",10,"James Conner",ARI,"RB59","14","Coach Upside rating","Coach Bust rating","2 out of 5 stars","-25"
"185",10,"Stefon Diggs",FA,"WR69","-","Coach Upside rating","Coach Bust rating","-","-50"
"186",10,"Ray Davis",BUF,"RB60","7","Coach Upside rating–No rating available","Coach Bust rating–No rating available","2 out of 5 stars","+22"
"187",10,"Emmett Johnson",KC,"RB61","5","Coach Upside rating","Coach Bust rating","3 out of 5 stars","-27"
"188",10,"Los Angeles Chargers",LAC,"DST10","7","Coach Upside rating–No rating available","Coach Bust rating–No rating available","3 out of 5 stars","+42"
"189",10,"Kenyon Sadiq",NYJ,"TE22","13","Coach Upside rating","Coach Bust rating","4 out of 5 stars","-48"
"190",10,"Dalton Schultz",HOU,"TE23","8","Coach Upside rating","Coach Bust rating","4 out of 5 stars","-46"
"191",10,"Ka'imi Fairbairn",HOU,"K2","8","Coach Upside rating","Coach Bust rating","2 out of 5 stars","-15"
"192",10,"Cameron Dicker",LAC,"K3","7","Coach Upside rating","Coach Bust rating","2 out of 5 stars","-31"
"193",10,"De'Zhaun Stribling",SF,"WR70","8","Coach Upside rating","Coach Bust rating","2 out of 5 stars","+34"
"194",10,"Cam Little",JAC,"K4","7","Coach Upside rating–No rating available","Coach Bust rating–No rating available","4 out of 5 stars","-20"
"195",10,"Jalen Nailor",LV,"WR71","13","Coach Upside rating–No rating available","Coach Bust rating–No rating available","2 out of 5 stars","-3"
"196",10,"Terrance Ferguson",LAR,"TE24","11","Coach Upside rating","Coach Bust rating","4 out of 5 stars","+13"
"197",10,"Baltimore Ravens",BAL,"DST11","13","Coach Upside rating–No rating available","Coach Bust rating–No rating available","5 out of 5 stars","-1"
"198",10,"Jason Myers",SEA,"K5","11","Coach Upside rating–No rating available","Coach Bust rating–No rating available","4 out of 5 stars","-32"
"199",10,"Isaac TeSlaa",DET,"WR72","6","Coach Upside rating","Coach Bust rating","4 out of 5 stars","+21"
"200",10,"Nicholas Singleton",TEN,"RB62","9","Coach Upside rating","Coach Bust rating","3 out of 5 stars","-12"
"201",10,"Jacoby Brissett",ARI,"QB27","14","Coach Upside rating","Coach Bust rating","2 out of 5 stars","+3"
"202",10,"Rashod Bateman",BAL,"WR73","13","Coach Upside rating–No rating available","Coach Bust rating–No rating available","4 out of 5 stars","+78"
"203",10,"Mike Washington Jr.",LV,"RB63","13","Coach Upside rating","Coach Bust rating","2 out of 5 stars","-35"
"204",10,"Darnell Mooney",NYG,"WR74","8","Coach Upside rating","Coach Bust rating","4 out of 5 stars","+34"
"205",10,"Green Bay Packers",GB,"DST12","11","Coach Upside rating–No rating available","Coach Bust rating–No rating available","2 out of 5 stars","+39"
"206",10,"Troy Franklin",DEN,"WR75","10","Coach Upside rating","Coach Bust rating","2 out of 5 stars","+52"
"207",10,"Jaylin Noel",HOU,"WR76","8","Coach Upside rating","Coach Bust rating","3 out of 5 stars","+72"
"208",10,"T.J. Hockenson",MIN,"TE25","6","Coach Upside rating","Coach Bust rating","4 out of 5 stars","-58"
"209",10,"Eddy Pineiro",SF,"K6","8","Coach Upside rating–No rating available","Coach Bust rating–No rating available","5 out of 5 stars","+13"
"210",10,"Tyler Loop",BAL,"K7","13","Coach Upside rating–No rating available","Coach Bust rating–No rating available","3 out of 5 stars","-17"
"211",10,"Kaytron Allen",WAS,"RB64","7","Coach Upside rating","Coach Bust rating","4 out of 5 stars","-20"
"212",10,"Dontayvion Wicks",PHI,"WR77","10","Coach Upside rating–No rating available","Coach Bust rating–No rating available","4 out of 5 stars","+88"
"213",10,"Kansas City Chiefs",KC,"DST13","5","Coach Upside rating–No rating available","Coach Bust rating–No rating available","3 out of 5 stars","+34"
"214",10,"Antonio Williams",WAS,"WR78","7","Coach Upside rating–No rating available","Coach Bust rating–No rating available","2 out of 5 stars","-28"
"215",11,"MarShawn Lloyd",GB,"RB65","11","Coach Upside rating–No rating available","Coach Bust rating–No rating available","4 out of 5 stars","+36"
"216",11,"Detroit Lions",DET,"DST14","6","Coach Upside rating–No rating available","Coach Bust rating–No rating available","5 out of 5 stars","+10"
"217",11,"Evan McPherson",CIN,"K8","6","Coach Upside rating–No rating available","Coach Bust rating–No rating available","2 out of 5 stars","+67"
"218",11,"Cairo Santos",CHI,"K9","10","Coach Upside rating–No rating available","Coach Bust rating–No rating available","0 out of 5 stars","+45"
"219",11,"Jaylen Wright",MIA,"RB66","6","Coach Upside rating–No rating available","Coach Bust rating–No rating available","3 out of 5 stars","-4"
"220",11,"Pat Bryant",DEN,"WR79","10","Coach Upside rating–No rating available","Coach Bust rating–No rating available","2 out of 5 stars","+40"
"221",11,"Cleveland Browns",CLE,"DST15","11","Coach Upside rating–No rating available","Coach Bust rating–No rating available","5 out of 5 stars","+66"
"222",11,"Malik Washington",MIA,"WR80","6","Coach Upside rating","Coach Bust rating","3 out of 5 stars","+20"
"223",11,"Andy Borregales",NE,"K10","11","Coach Upside rating–No rating available","Coach Bust rating–No rating available","1 out of 5 stars","-16"
"224",11,"Tank Dell",HOU,"WR81","8","Coach Upside rating","Coach Bust rating","3 out of 5 stars","-11"
"225",11,"Jake Bates",DET,"K11","6","Coach Upside rating–No rating available","Coach Bust rating–No rating available","5 out of 5 stars","-19"
"226",11,"Buffalo Bills",BUF,"DST16","7","Coach Upside rating–No rating available","Coach Bust rating–No rating available","3 out of 5 stars","+36"
"227",11,"Gunnar Helm",TEN,"TE26","9","Coach Upside rating","Coach Bust rating","3 out of 5 stars","-48"
"228",11,"Pat Freiermuth",PIT,"TE27","9","Coach Upside rating","Coach Bust rating","2 out of 5 stars","+26"
"229",11,"Ollie Gordon II",MIA,"RB67","6","Coach Upside rating–No rating available","Coach Bust rating–No rating available","3 out of 5 stars","+102"
"230",11,"Jaydon Blue",DAL,"RB68","14","Coach Upside rating–No rating available","Coach Bust rating–No rating available","4 out of 5 stars","-6"
"231",11,"Chase McLaughlin",TB,"K12","10","Coach Upside rating–No rating available","Coach Bust rating–No rating available","3 out of 5 stars","+35"
"232",11,"Harrison Mevis",LAR,"K13","11","Coach Upside rating–No rating available","Coach Bust rating–No rating available","2 out of 5 stars","-37"
"233",11,"Aaron Rodgers",PIT,"QB28","9","Coach Upside rating–No rating available","Coach Bust rating–No rating available","2 out of 5 stars","-4"
"234",11,"Chimere Dike",TEN,"WR82","9","Coach Upside rating","Coach Bust rating","3 out of 5 stars","+25"
"235",11,"Geno Smith",NYJ,"QB29","13","Coach Upside rating–No rating available","Coach Bust rating–No rating available","4 out of 5 stars","0"
"236",11,"Cade Otton",TB,"TE28","10","Coach Upside rating–No rating available","Coach Bust rating–No rating available","2 out of 5 stars","-53"
"237",11,"Cooper Kupp",SEA,"WR83","11","Coach Upside rating–No rating available","Coach Bust rating–No rating available","3 out of 5 stars","+54"
"238",11,"Zachariah Branch",ATL,"WR84","11","Coach Upside rating–No rating available","Coach Bust rating–No rating available","3 out of 5 stars","-19"
"239",11,"Elic Ayomanor",TEN,"WR85","9","Coach Upside rating–No rating available","Coach Bust rating–No rating available","3 out of 5 stars","+36"
"240",11,"David Njoku",LAC,"TE29","7","Coach Upside rating","Coach Bust rating","4 out of 5 stars","-86"
"241",11,"Ted Hurst III",TB,"WR86","10","Coach Upside rating–No rating available","Coach Bust rating–No rating available","4 out of 5 stars","+45"
"242",11,"Keon Coleman",BUF,"WR87","7","Coach Upside rating–No rating available","Coach Bust rating–No rating available","4 out of 5 stars","+52"
"243",11,"Chris Boswell",PIT,"K14","9","Coach Upside rating–No rating available","Coach Bust rating–No rating available","4 out of 5 stars","-38"
"244",11,"Harrison Butker",KC,"K15","5","Coach Upside rating–No rating available","Coach Bust rating–No rating available","5 out of 5 stars","-30"
"245",11,"Germie Bernard",PIT,"WR88","9","Coach Upside rating–No rating available","Coach Bust rating–No rating available","3 out of 5 stars","+11"
"246",11,"Colby Parkinson",LAR,"TE30","11","Coach Upside rating–No rating available","Coach Bust rating–No rating available","4 out of 5 stars","-34"
"247",11,"George Holani",SEA,"RB69","11","Coach Upside rating–No rating available","Coach Bust rating–No rating available","4 out of 5 stars","+1"
"248",11,"Demond Claiborne",MIN,"RB70","6","Coach Upside rating–No rating available","Coach Bust rating–No rating available","4 out of 5 stars","-31"
"249",11,"Greg Dulcich",MIA,"TE31","6","Coach Upside rating–No rating available","Coach Bust rating–No rating available","5 out of 5 stars","0"
"250",11,"Brandon Aiyuk",SF,"WR89","8","Coach Upside rating","Coach Bust rating","2 out of 5 stars","-9"
"251",11,"Evan Engram",DEN,"TE32","10","Coach Upside rating–No rating available","Coach Bust rating–No rating available","4 out of 5 stars","+48"
"252",11,"Tory Horton",SEA,"WR90","11","Coach Upside rating–No rating available","Coach Bust rating–No rating available","3 out of 5 stars","+44"
"253",11,"Justice Hill",BAL,"RB71","13","Coach Upside rating–No rating available","Coach Bust rating–No rating available","3 out of 5 stars","-17"
"254",11,"Devin Neal",NO,"RB72","8","Coach Upside rating–No rating available","Coach Bust rating–No rating available","3 out of 5 stars","+3"
"255",11,"Tyquan Thornton",KC,"WR91","5","Coach Upside rating–No rating available","Coach Bust rating–No rating available","2 out of 5 stars","-"
"256",12,"Jack Bech",LV,"WR92","13","Coach Upside rating–No rating available","Coach Bust rating–No rating available","2 out of 5 stars","+49"
"257",12,"Jordan James",SF,"RB73","8","Coach Upside rating–No rating available","Coach Bust rating–No rating available","2 out of 5 stars","+4"
"258",12,"Malik Davis",DAL,"RB74","14","Coach Upside rating–No rating available","Coach Bust rating–No rating available","4 out of 5 stars","-"
"259",12,"Eli Stowers",PHI,"TE33","10","Coach Upside rating–No rating available","Coach Bust rating–No rating available","4 out of 5 stars","-60"
"260",12,"Wil Lutz",DEN,"K16","10","Coach Upside rating–No rating available","Coach Bust rating–No rating available","1 out of 5 stars","-21"
"261",12,"Isaiah Davis",NYJ,"RB75","13","Coach Upside rating–No rating available","Coach Bust rating–No rating available","3 out of 5 stars","+71"
"262",12,"Elijah Sarratt",BAL,"WR93","13","Coach Upside rating–No rating available","Coach Bust rating–No rating available","4 out of 5 stars","+35"
"263",12,"Fernando Mendoza",LV,"QB30","13","Coach Upside rating–No rating available","Coach Bust rating–No rating available","1 out of 5 stars","-62"
"264",12,"Chris Brooks",GB,"RB76","11","Coach Upside rating–No rating available","Coach Bust rating–No rating available","4 out of 5 stars","+61"
"265",12,"DJ Giddens",IND,"RB77","13","Coach Upside rating–No rating available","Coach Bust rating–No rating available","4 out of 5 stars","+69"
"266",12,"Theo Johnson",NYG,"TE34","8","Coach Upside rating–No rating available","Coach Bust rating–No rating available","3 out of 5 stars","-41"
"267",12,"Ty Johnson",BUF,"RB78","7","Coach Upside rating–No rating available","Coach Bust rating–No rating available","2 out of 5 stars","-3"
"268",12,"Tua Tagovailoa",ATL,"QB31","11","Coach Upside rating–No rating available","Coach Bust rating–No rating available","4 out of 5 stars","-35"
"269",12,"Darius Slayton",NYG,"WR94","8","Coach Upside rating–No rating available","Coach Bust rating–No rating available","4 out of 5 stars","-"
"270",12,"Kaelon Black",SF,"RB79","8","Coach Upside rating–No rating available","Coach Bust rating–No rating available","2 out of 5 stars","-3"
"271",12,"Christian Kirk",SF,"WR95","8","Coach Upside rating–No rating available","Coach Bust rating–No rating available","2 out of 5 stars","+24"
"272",12,"Kaleb Johnson",PIT,"RB80","9","Coach Upside rating–No rating available","Coach Bust rating–No rating available","2 out of 5 stars","-22"
"273",12,"Chris Bell",MIA,"WR96","6","Coach Upside rating–No rating available","Coach Bust rating–No rating available","3 out of 5 stars","+16"
"274",12,"Atlanta Falcons",ATL,"DST17","11","Coach Upside rating–No rating available","Coach Bust rating–No rating available","4 out of 5 stars","+37"
"275",12,"Samaje Perine",CIN,"RB81","6","Coach Upside rating–No rating available","Coach Bust rating–No rating available","2 out of 5 stars","+40"
"276",12,"Trey Benson",ARI,"RB82","14","Coach Upside rating–No rating available","Coach Bust rating–No rating available","2 out of 5 stars","-73"
"277",12,"Malachi Fields",NYG,"WR97","8","Coach Upside rating–No rating available","Coach Bust rating–No rating available","4 out of 5 stars","-54"
"278",12,"San Francisco 49ers",SF,"DST18","8","Coach Upside rating–No rating available","Coach Bust rating–No rating available","3 out of 5 stars","-8"
"279",12,"Mason Taylor",NYJ,"TE35","13","Coach Upside rating–No rating available","Coach Bust rating–No rating available","4 out of 5 stars","-61"
"280",12,"Marvin Mims Jr.",DEN,"WR98","10","Coach Upside rating–No rating available","Coach Bust rating–No rating available","2 out of 5 stars","+5"
"281",12,"Kendre Miller",NO,"RB83","8","Coach Upside rating–No rating available","Coach Bust rating–No rating available","3 out of 5 stars","-9"
"282",12,"Tyreek Hill",FA,"WR99","-","Coach Upside rating–No rating available","Coach Bust rating–No rating available","-","-98"
"283",12,"Will Reichard",MIN,"K17","6","Coach Upside rating–No rating available","Coach Bust rating–No rating available","2 out of 5 stars","-55"
"284",12,"Xavier Legette",CAR,"WR100","5","Coach Upside rating–No rating available","Coach Bust rating–No rating available","2 out of 5 stars","-"
"285",12,"Emari Demercado",KC,"RB84","5","Coach Upside rating–No rating available","Coach Bust rating–No rating available","3 out of 5 stars","+45"
"286",12,"Devaughn Vele",NO,"WR101","8","Coach Upside rating–No rating available","Coach Bust rating–No rating available","3 out of 5 stars","+16"
"287",12,"Devin Singletary",NYG,"RB85","8","Coach Upside rating–No rating available","Coach Bust rating–No rating available","4 out of 5 stars","+3"
"288",12,"Michael Penix Jr.",ATL,"QB32","11","Coach Upside rating–No rating available","Coach Bust rating–No rating available","4 out of 5 stars","-51"
"289",12,"Oscar Delp",NO,"TE36","8","Coach Upside rating–No rating available","Coach Bust rating–No rating available","2 out of 5 stars","-"
"290",12,"Kyle Williams",NE,"WR102","11","Coach Upside rating–No rating available","Coach Bust rating–No rating available","2 out of 5 stars","+3"
"291",12,"Keenan Allen",LAC,"WR103","7","Coach Upside rating–No rating available","Coach Bust rating–No rating available","2 out of 5 stars","-10"
"292",12,"Deshaun Watson",CLE,"QB33","11","Coach Upside rating–No rating available","Coach Bust rating–No rating available","4 out of 5 stars","-21"
"293",12,"Hollywood Brown",PHI,"WR104","10","Coach Upside rating–No rating available","Coach Bust rating–No rating available","4 out of 5 stars","-"
"294",12,"Mike Gesicki",CIN,"TE37","6","Coach Upside rating–No rating available","Coach Bust rating–No rating available","3 out of 5 stars","-6"
"295",12,"Adam Randall",BAL,"RB86","13","Coach Upside rating–No rating available","Coach Bust rating–No rating available","3 out of 5 stars","+38"
"296",12,"Kirk Cousins",LV,"QB34","13","Coach Upside rating–No rating available","Coach Bust rating–No rating available","1 out of 5 stars","-56"
"297",12,"Seth McGowan",IND,"RB87","13","Coach Upside rating–No rating available","Coach Bust rating–No rating available","4 out of 5 stars","+38"
"298",12,"Mack Hollins",NE,"WR105","11","Coach Upside rating–No rating available","Coach Bust rating–No rating available","2 out of 5 stars","-"
"299",12,"Jerome Ford",WAS,"RB88","7","Coach Upside rating–No rating available","Coach Bust rating–No rating available","4 out of 5 stars","-"
"300",12,"Shedeur Sanders",CLE,"QB35","11","Coach Upside rating–No rating available","Coach Bust rating–No rating available","4 out of 5 stars","-57"
"301",12,"New Orleans Saints",NO,"DST19","8","Coach Upside rating–No rating available","Coach Bust rating–No rating available","5 out of 5 stars","+18"
"302",12,"LeQuint Allen Jr.",JAC,"RB89","7","Coach Upside rating–No rating available","Coach Bust rating–No rating available","4 out of 5 stars","+2"
"303",12,"Najee Harris",LAC,"RB90","7","Coach Upside rating–No rating available","Coach Bust rating–No rating available","3 out of 5 stars","-48"
"304",12,"Brashard Smith",KC,"RB91","5","Coach Upside rating–No rating available","Coach Bust rating–No rating available","3 out of 5 stars","-31"
"305",12,"Skyler Bell",BUF,"WR106","7","Coach Upside rating–No rating available","Coach Bust rating–No rating available","4 out of 5 stars","+16"
"306",12,"Isaiah Bond",CLE,"WR107","11","Coach Upside rating–No rating available","Coach Bust rating–No rating available","3 out of 5 stars","-"
"307",12,"Chris Brazzell II",CAR,"WR108","5","Coach Upside rating–No rating available","Coach Bust rating–No rating available","2 out of 5 stars","-31"
"308",12,"Trevor Etienne",CAR,"RB92","5","Coach Upside rating–No rating available","Coach Bust rating–No rating available","1 out of 5 stars","-"
"309",12,"Charlie Smyth",NO,"K18","8","Coach Upside rating–No rating available","Coach Bust rating–No rating available","5 out of 5 stars","+13"
"310",12,"Isaac Guerendo",SF,"RB93","8","Coach Upside rating–No rating available","Coach Bust rating–No rating available","2 out of 5 stars","-"
"311",12,"Ja'Kobi Lane",BAL,"WR109","13","Coach Upside rating–No rating available","Coach Bust rating–No rating available","4 out of 5 stars","-77"
"312",12,"Jake Tonges",SF,"TE38","8","Coach Upside rating–No rating available","Coach Bust rating–No rating available","3 out of 5 stars","-67"
"313",13,"Indianapolis Colts",IND,"DST20","13","Coach Upside rating–No rating available","Coach Bust rating–No rating available","5 out of 5 stars","-3"
"314",13,"Tahj Brooks",CIN,"RB94","6","Coach Upside rating–No rating available","Coach Bust rating–No rating available","2 out of 5 stars","-"
"315",13,"Jarquez Hunter",LAR,"RB95","11","Coach Upside rating–No rating available","Coach Bust rating–No rating available","5 out of 5 stars","-33"
"316",13,"Chicago Bears",CHI,"DST21","10","Coach Upside rating–No rating available","Coach Bust rating–No rating available","2 out of 5 stars","-48"
"317",13,"Andrei Iosivas",CIN,"WR110","6","Coach Upside rating–No rating available","Coach Bust rating–No rating available","4 out of 5 stars","-"
"318",13,"Darnell Washington",PIT,"TE39","9","Coach Upside rating–No rating available","Coach Bust rating–No rating available","2 out of 5 stars","-26"
"319",13,"Jaleel McLaughlin",DEN,"RB96","10","Coach Upside rating–No rating available","Coach Bust rating–No rating available","2 out of 5 stars","-"
"320",13,"Audric Estime",NO,"RB97","8","Coach Upside rating–No rating available","Coach Bust rating–No rating available","3 out of 5 stars","-42"
"321",13,"Joe Mixon",FA,"RB98","-","Coach Upside rating–No rating available","Coach Bust rating–No rating available","-","-68"
"322",13,"Will Shipley",PHI,"RB99","10","Coach Upside rating–No rating available","Coach Bust rating–No rating available","4 out of 5 stars","-"
"323",13,"Luke McCaffrey",WAS,"WR111","7","Coach Upside rating–No rating available","Coach Bust rating–No rating available","2 out of 5 stars","-"
"324",13,"Konata Mumpfield",LAR,"WR112","11","Coach Upside rating–No rating available","Coach Bust rating–No rating available","1 out of 5 stars","-"
"325",13,"Kareem Hunt",FA,"RB100","-","Coach Upside rating–No rating available","Coach Bust rating–No rating available","-","-19"
"326",13,"J.J. McCarthy",MIN,"QB36","6","Coach Upside rating–No rating available","Coach Bust rating–No rating available","5 out of 5 stars","-52"
"327",13,"Cedric Tillman",CLE,"WR113","11","Coach Upside rating–No rating available","Coach Bust rating–No rating available","3 out of 5 stars","-"
"328",13,"Tez Johnson",TB,"WR114","10","Coach Upside rating–No rating available","Coach Bust rating–No rating available","4 out of 5 stars","-"
"329",13,"Jalen Royals",KC,"WR115","5","Coach Upside rating–No rating available","Coach Bust rating–No rating available","2 out of 5 stars","-"
"330",13,"Caleb Douglas",MIA,"WR116","6","Coach Upside rating–No rating available","Coach Bust rating–No rating available","3 out of 5 stars","-47"
"331",13,"Tyler Higbee",LAR,"TE40","11","Coach Upside rating–No rating available","Coach Bust rating–No rating available","4 out of 5 stars","-"
"332",13,"Max Klare",LAR,"TE41","11","Coach Upside rating–No rating available","Coach Bust rating–No rating available","4 out of 5 stars","-25"
"333",13,"Calvin Austin III",NYG,"WR117","8","Coach Upside rating–No rating available","Coach Bust rating–No rating available","4 out of 5 stars","-"
"334",13,"Elijah Arroyo",SEA,"TE42","11","Coach Upside rating–No rating available","Coach Bust rating–No rating available","3 out of 5 stars","-"
"335",13,"Ja'Tavion Sanders",CAR,"TE43","5","Coach Upside rating–No rating available","Coach Bust rating–No rating available","2 out of 5 stars","-"
"336",13,"Jalen Tolbert",MIA,"WR118","6","Coach Upside rating–No rating available","Coach Bust rating–No rating available","3 out of 5 stars","-67"
"337",13,"Jahan Dotson",ATL,"WR119","11","Coach Upside rating–No rating available","Coach Bust rating–No rating available","3 out of 5 stars","-36"
"338",13,"Jake Elliott",PHI,"K19","10","Coach Upside rating–No rating available","Coach Bust rating–No rating available","5 out of 5 stars","-40"
"339",13,"Carolina Panthers",CAR,"DST22","5","Coach Upside rating–No rating available","Coach Bust rating–No rating available","3 out of 5 stars","-25"
"340",13,"Cole Kmet",CHI,"TE44","10","Coach Upside rating–No rating available","Coach Bust rating–No rating available","2 out of 5 stars","-"
"341",13,"Michael Mayer",LV,"TE45","13","Coach Upside rating–No rating available","Coach Bust rating–No rating available","3 out of 5 stars","-"
"342",13,"Noah Gray",KC,"TE46","5","Coach Upside rating–No rating available","Coach Bust rating–No rating available","4 out of 5 stars","-"
"343",13,"Bam Knight",ARI,"RB101","14","Coach Upside rating–No rating available","Coach Bust rating–No rating available","2 out of 5 stars","-"
"344",13,"Olamide Zaccheaus",ATL,"WR120","11","Coach Upside rating–No rating available","Coach Bust rating–No rating available","3 out of 5 stars","-"
"345",13,"Treylon Burks",WAS,"WR121","7","Coach Upside rating–No rating available","Coach Bust rating–No rating available","2 out of 5 stars","-"
"346",13,"DeMario Douglas",NE,"WR122","11","Coach Upside rating–No rating available","Coach Bust rating–No rating available","2 out of 5 stars","-"
"347",13,"Joshua Palmer",BUF,"WR123","7","Coach Upside rating–No rating available","Coach Bust rating–No rating available","4 out of 5 stars","-"
"348",13,"Michael Carter",TEN,"RB102","9","Coach Upside rating–No rating available","Coach Bust rating–No rating available","3 out of 5 stars","-"
"349",13,"Dawson Knox",BUF,"TE47","7","Coach Upside rating–No rating available","Coach Bust rating–No rating available","3 out of 5 stars","-"
"350",13,"Mac Jones",SF,"QB37","8","Coach Upside rating–No rating available","Coach Bust rating–No rating available","1 out of 5 stars","-"
"351",13,"Carson Beck",ARI,"QB38","14","Coach Upside rating–No rating available","Coach Bust rating–No rating available","2 out of 5 stars","-105"
"352",13,"Kendrick Bourne",ARI,"WR124","14","Coach Upside rating–No rating available","Coach Bust rating–No rating available","2 out of 5 stars","-"
"353",13,"New York Giants",NYG,"DST23","8","Coach Upside rating–No rating available","Coach Bust rating–No rating available","1 out of 5 stars","-122"
"354",13,"Jawhar Jordan",HOU,"RB103","8","Coach Upside rating–No rating available","Coach Bust rating–No rating available","4 out of 5 stars","-"
"355",13,"Dallas Cowboys",DAL,"DST24","14","Coach Upside rating–No rating available","Coach Bust rating–No rating available","1 out of 5 stars","-103"
"356",13,"Eli Heidenreich",PIT,"RB104","9","Coach Upside rating–No rating available","Coach Bust rating–No rating available","2 out of 5 stars","-"
"357",13,"Dont'e Thornton Jr.",LV,"WR125","13","Coach Upside rating–No rating available","Coach Bust rating–No rating available","2 out of 5 stars","-"
"358",13,"Justin Fields",KC,"QB39","5","Coach Upside rating–No rating available","Coach Bust rating–No rating available","2 out of 5 stars","-81"
"359",13,"Nick Chubb",FA,"RB105","-","Coach Upside rating–No rating available","Coach Bust rating–No rating available","-","-"
"360",13,"Tyler Bass",BUF,"K20","7","Coach Upside rating–No rating available","Coach Bust rating–No rating available","2 out of 5 stars","-48"
"361",14,"Justin Joly",DEN,"TE48","10","Coach Upside rating–No rating available","Coach Bust rating–No rating available","4 out of 5 stars","-"
"362",14,"Raheim Sanders",CLE,"RB106","11","Coach Upside rating–No rating available","Coach Bust rating–No rating available","3 out of 5 stars","-"
"363",14,"J'Mari Taylor",JAC,"RB107","7","Coach Upside rating–No rating available","Coach Bust rating–No rating available","4 out of 5 stars","-"
"364",14,"Xavier Hutchinson",HOU,"WR126","8","Coach Upside rating–No rating available","Coach Bust rating–No rating available","3 out of 5 stars","-"
"365",14,"Brenen Thompson",LAC,"WR127","7","Coach Upside rating–No rating available","Coach Bust rating–No rating available","2 out of 5 stars","-47"
"366",14,"Cyrus Allen",KC,"WR128","5","Coach Upside rating–No rating available","Coach Bust rating–No rating available","2 out of 5 stars","-"
"367",14,"Bryce Lance",NO,"WR129","8","Coach Upside rating–No rating available","Coach Bust rating–No rating available","3 out of 5 stars","-"
"368",14,"Eli Raridon",NE,"TE49","11","Coach Upside rating–No rating available","Coach Bust rating–No rating available","4 out of 5 stars","-"
"369",14,"Anthony Richardson Sr.",IND,"QB40","13","Coach Upside rating–No rating available","Coach Bust rating–No rating available","4 out of 5 stars","-"
"370",14,"Tampa Bay Buccaneers",TB,"DST25","10","Coach Upside rating–No rating available","Coach Bust rating–No rating available","4 out of 5 stars","-57"
"371",14,"Erick All Jr.",CIN,"TE50","6","Coach Upside rating–No rating available","Coach Bust rating–No rating available","3 out of 5 stars","-"
"372",14,"John Metchie III",CAR,"WR130","5","Coach Upside rating–No rating available","Coach Bust rating–No rating available","2 out of 5 stars","-"
"373",14,"Zane Gonzalez",MIA,"K21","6","Coach Upside rating–No rating available","Coach Bust rating–No rating available","2 out of 5 stars","-"
"374",14,"Trey Smack",GB,"K22","11","Coach Upside rating–No rating available","Coach Bust rating–No rating available","4 out of 5 stars","-"
"375",14,"Tutu Atwell",MIA,"WR131","6","Coach Upside rating–No rating available","Coach Bust rating–No rating available","3 out of 5 stars","-"
"376",14,"Austin Ekeler",FA,"RB108","-","Coach Upside rating–No rating available","Coach Bust rating–No rating available","-","-144"
"377",14,"Noah Fant",NO,"TE51","8","Coach Upside rating–No rating available","Coach Bust rating–No rating available","2 out of 5 stars","-"
"378",14,"Jaylin Lane",WAS,"WR132","7","Coach Upside rating–No rating available","Coach Bust rating–No rating available","2 out of 5 stars","-"
"379",14,"Kalif Raymond",CHI,"WR133","10","Coach Upside rating–No rating available","Coach Bust rating–No rating available","3 out of 5 stars","-"
"380",14,"Ty Simpson",LAR,"QB41","11","Coach Upside rating–No rating available","Coach Bust rating–No rating available","3 out of 5 stars","-57"
"381",14,"Nick Folk",ATL,"K23","11","Coach Upside rating–No rating available","Coach Bust rating–No rating available","0 out of 5 stars","-57"
"382",14,"Phil Mafah",DAL,"RB109","14","Coach Upside rating–No rating available","Coach Bust rating–No rating available","4 out of 5 stars","-"
"383",14,"Tennessee Titans",TEN,"DST26","9","Coach Upside rating–No rating available","Coach Bust rating–No rating available","2 out of 5 stars","-75"
"384",14,"Luke Musgrave",GB,"TE52","11","Coach Upside rating–No rating available","Coach Bust rating–No rating available","2 out of 5 stars","-"
"385",14,"Kevin Coleman Jr.",MIA,"WR134","6","Coach Upside rating–No rating available","Coach Bust rating–No rating available","3 out of 5 stars","-"
"386",14,"KaVontae Turpin",DAL,"WR135","14","Coach Upside rating–No rating available","Coach Bust rating–No rating available","2 out of 5 stars","-"
"387",14,"Miami Dolphins",MIA,"DST27","6","Coach Upside rating–No rating available","Coach Bust rating–No rating available","3 out of 5 stars","-58"
"388",14,"Blake Grupe",IND,"K24","13","Coach Upside rating–No rating available","Coach Bust rating–No rating available","4 out of 5 stars","-"
"389",14,"Nick Westbrook-Ikhine",IND,"WR136","13","Coach Upside rating–No rating available","Coach Bust rating–No rating available","4 out of 5 stars","-"
"390",14,"Savion Williams",GB,"WR137","11","Coach Upside rating–No rating available","Coach Bust rating–No rating available","5 out of 5 stars","-"
"391",14,"Washington Commanders",WAS,"DST28","7","Coach Upside rating–No rating available","Coach Bust rating–No rating available","2 out of 5 stars","-"
"392",14,"Chad Ryland",ARI,"K25","14","Coach Upside rating–No rating available","Coach Bust rating–No rating available","2 out of 5 stars","-"
"393",14,"Ryan Fitzgerald",CAR,"K26","5","Coach Upside rating–No rating available","Coach Bust rating–No rating available","0 out of 5 stars","-"
"394",14,"Joey Slye",TEN,"K27","9","Coach Upside rating–No rating available","Coach Bust rating–No rating available","4 out of 5 stars","-"
"395",14,"John Bates",WAS,"TE53","7","Coach Upside rating–No rating available","Coach Bust rating–No rating available","1 out of 5 stars","-"
"396",14,"Kyle Juszczyk",SF,"RB110","8","Coach Upside rating–No rating available","Coach Bust rating–No rating available","2 out of 5 stars","-"
"397",14,"Dameon Pierce",PHI,"RB111","10","Coach Upside rating–No rating available","Coach Bust rating–No rating available","4 out of 5 stars","-"
"398",14,"Jordan Whittington",LAR,"WR138","11","Coach Upside rating–No rating available","Coach Bust rating–No rating available","1 out of 5 stars","-"
"399",14,"Cincinnati Bengals",CIN,"DST29","6","Coach Upside rating–No rating available","Coach Bust rating–No rating available","4 out of 5 stars","-83"
"400",14,"Ben Sinnott",WAS,"TE54","7","Coach Upside rating–No rating available","Coach Bust rating–No rating available","1 out of 5 stars","-"
"401",14,"Jam Miller",NE,"RB112","11","Coach Upside rating–No rating available","Coach Bust rating–No rating available","2 out of 5 stars","-"
"402",14,"Brandon McManus",FA,"K28","-","Coach Upside rating–No rating available","Coach Bust rating–No rating available","-","-"
"403",14,"Dyami Brown",WAS,"WR139","7","Coach Upside rating–No rating available","Coach Bust rating–No rating available","2 out of 5 stars","-"
"404",14,"Devontez Walker",BAL,"WR140","13","Coach Upside rating–No rating available","Coach Bust rating–No rating available","4 out of 5 stars","-"
"405",14,"Ben Sauls",NYG,"K29","8","Coach Upside rating–No rating available","Coach Bust rating–No rating available","2 out of 5 stars","-"
"406",14,"Tommy Tremble",CAR,"TE55","5","Coach Upside rating–No rating available","Coach Bust rating–No rating available","2 out of 5 stars","-"
"407",14,"Darren Waller",FA,"TE56","-","Coach Upside rating–No rating available","Coach Bust rating–No rating available","-","-"
"408",14,"Antonio Gibson",FA,"RB113","-","Coach Upside rating–No rating available","Coach Bust rating–No rating available","-","-"
"409",14,"Terrell Jennings",NE,"RB114","11","Coach Upside rating–No rating available","Coach Bust rating–No rating available","2 out of 5 stars","-"
"410",14,"Daniel Carlson",LV,"K30","13","Coach Upside rating–No rating available","Coach Bust rating–No rating available","1 out of 5 stars","-"
"411",14,"Zavion Thomas",CHI,"WR141","10","Coach Upside rating–No rating available","Coach Bust rating–No rating available","3 out of 5 stars","-"
"412",14,"Zach Ertz",FA,"TE57","-","Coach Upside rating–No rating available","Coach Bust rating–No rating available","-","-"
"413",14,"Ashton Dulin",IND,"WR142","13","Coach Upside rating–No rating available","Coach Bust rating–No rating available","4 out of 5 stars","-"
"414",14,"Miles Sanders",FA,"RB115","-","Coach Upside rating–No rating available","Coach Bust rating–No rating available","-","-"
"415",14,"Sione Vaki",DET,"RB116","6","Coach Upside rating–No rating available","Coach Bust rating–No rating available","5 out of 5 stars","-"
"416",14,"Joe Milton III",DAL,"QB42","14","Coach Upside rating–No rating available","Coach Bust rating–No rating available","2 out of 5 stars","-"
"417",14,"Rasheen Ali",BAL,"RB117","13","Coach Upside rating–No rating available","Coach Bust rating–No rating available","3 out of 5 stars","-"
"418",14,"Jake Moody",WAS,"K31","7","Coach Upside rating–No rating available","Coach Bust rating–No rating available","5 out of 5 stars","-"
"419",14,"Tyler Lockett",LV,"WR143","13","Coach Upside rating–No rating available","Coach Bust rating–No rating available","2 out of 5 stars","-"
"420",14,"Jaret Patterson",LAC,"RB118","7","Coach Upside rating–No rating available","Coach Bust rating–No rating available","3 out of 5 stars","-"
"421",14,"Deion Burks",IND,"WR144","13","Coach Upside rating–No rating available","Coach Bust rating–No rating available","4 out of 5 stars","-"
"422",14,"Cade Klubnik",NYJ,"QB43","13","Coach Upside rating–No rating available","Coach Bust rating–No rating available","4 out of 5 stars","-"
"423",14,"Marcus Mariota",WAS,"QB44","7","Coach Upside rating–No rating available","Coach Bust rating–No rating available","2 out of 5 stars","-"
"424",14,"Jeremy McNichols",WAS,"RB119","7","Coach Upside rating–No rating available","Coach Bust rating–No rating available","4 out of 5 stars","-"
"425",14,"Jonnu Smith",FA,"TE58","-","Coach Upside rating–No rating available","Coach Bust rating–No rating available","-","-"
"426",14,"Spencer Shrader",IND,"K32","13","Coach Upside rating–No rating available","Coach Bust rating–No rating available","4 out of 5 stars","-"
"427",14,"Tommy Myers",FA,"TE59","-","Coach Upside rating–No rating available","Coach Bust rating–No rating available","-","-"
"428",14,"Greg Dortch",DET,"WR145","6","Coach Upside rating–No rating available","Coach Bust rating–No rating available","4 out of 5 stars","-"
"429",14,"Roschon Johnson",CHI,"RB120","10","Coach Upside rating–No rating available","Coach Bust rating–No rating available","2 out of 5 stars","-"
"430",14,"Dylan Laube",LV,"RB121","13","Coach Upside rating–No rating available","Coach Bust rating–No rating available","2 out of 5 stars","-"
"431",14,"Taysom Hill",FA,"TE60","-","Coach Upside rating–No rating available","Coach Bust rating–No rating available","-","-"
"432",14,"Marlin Klein",HOU,"TE61","8","Coach Upside rating–No rating available","Coach Bust rating–No rating available","4 out of 5 stars","-"
"433",15,"Mitch Tinsley",CIN,"WR146","6","Coach Upside rating–No rating available","Coach Bust rating–No rating available","4 out of 5 stars","-"
"434",15,"Charlie Kolar",LAC,"TE62","7","Coach Upside rating–No rating available","Coach Bust rating–No rating available","4 out of 5 stars","-"
"435",15,"Joe Flacco",CIN,"QB45","6","Coach Upside rating–No rating available","Coach Bust rating–No rating available","3 out of 5 stars","-"
"436",15,"Malik Benson",LV,"WR147","13","Coach Upside rating–No rating available","Coach Bust rating–No rating available","2 out of 5 stars","-"
"437",15,"Xavier Restrepo",TEN,"WR148","9","Coach Upside rating–No rating available","Coach Bust rating–No rating available","3 out of 5 stars","-"
"438",15,"Jahdae Walker",CHI,"WR149","10","Coach Upside rating–No rating available","Coach Bust rating–No rating available","3 out of 5 stars","-"
"439",15,"Mitchell Evans",CAR,"TE63","5","Coach Upside rating–No rating available","Coach Bust rating–No rating available","2 out of 5 stars","-"
"440",15,"Zavier Scott",MIN,"RB122","6","Coach Upside rating–No rating available","Coach Bust rating–No rating available","4 out of 5 stars","-"
"441",15,"Elijah Mitchell",PHI,"RB123","10","Coach Upside rating–No rating available","Coach Bust rating–No rating available","4 out of 5 stars","-"
"442",15,"Hunter Luepke",DAL,"RB124","14","Coach Upside rating–No rating available","Coach Bust rating–No rating available","4 out of 5 stars","-"
"443",15,"Austin Hooper",ATL,"TE64","11","Coach Upside rating–No rating available","Coach Bust rating–No rating available","3 out of 5 stars","-"
"444",15,"Jameis Winston",NYG,"QB46","8","Coach Upside rating–No rating available","Coach Bust rating–No rating available","4 out of 5 stars","-"
"445",15,"Jacob Saylors",DET,"RB125","6","Coach Upside rating–No rating available","Coach Bust rating–No rating available","5 out of 5 stars","-"
"446",15,"Tyler Goodson",ATL,"RB126","11","Coach Upside rating–No rating available","Coach Bust rating–No rating available","2 out of 5 stars","-"
"447",15,"Theo Wease Jr.",MIA,"WR150","6","Coach Upside rating–No rating available","Coach Bust rating–No rating available","3 out of 5 stars","-"
"448",15,"Ty Chandler",NO,"RB127","8","Coach Upside rating–No rating available","Coach Bust rating–No rating available","3 out of 5 stars","-"
"449",15,"Robert Henry Jr.",WAS,"RB128","7","Coach Upside rating–No rating available","Coach Bust rating–No rating available","4 out of 5 stars","-"
"450",15,"Myles Montgomery",NE,"RB129","11","Coach Upside rating–No rating available","Coach Bust rating–No rating available","2 out of 5 stars","-"
"451",15,"Donovan Edwards",MIA,"RB130","6","Coach Upside rating–No rating available","Coach Bust rating–No rating available","3 out of 5 stars","-"
"452",15,"Cash Jones",ATL,"RB131","11","Coach Upside rating–No rating available","Coach Bust rating–No rating available","2 out of 5 stars","-"
"453",15,"Frank Gore Jr.",BUF,"RB132","7","Coach Upside rating–No rating available","Coach Bust rating–No rating available","2 out of 5 stars","-"
"454",15,"DeAndre Hopkins",BAL,"WR151","13","Coach Upside rating–No rating available","Coach Bust rating–No rating available","4 out of 5 stars","-"
"455",15,"Jakobie Keeney-James",FA,"WR152","-","Coach Upside rating–No rating available","Coach Bust rating–No rating available","-","-"
"456",15,"Kendric Pryor",CIN,"WR153","6","Coach Upside rating–No rating available","Coach Bust rating–No rating available","4 out of 5 stars","-"
"457",15,"Colbie Young",CIN,"WR154","6","Coach Upside rating–No rating available","Coach Bust rating–No rating available","4 out of 5 stars","-"
"458",15,"CJ Daniels",LAR,"WR155","11","Coach Upside rating–No rating available","Coach Bust rating–No rating available","1 out of 5 stars","-"
"459",15,"Derius Davis",LAC,"WR156","7","Coach Upside rating–No rating available","Coach Bust rating–No rating available","2 out of 5 stars","-"
"460",15,"Ronnie Rivers",LAR,"RB133","11","Coach Upside rating–No rating available","Coach Bust rating–No rating available","5 out of 5 stars","-"
"461",15,"Daniel Bellinger",TEN,"TE65","9","Coach Upside rating–No rating available","Coach Bust rating–No rating available","3 out of 5 stars","-"
"462",15,"Kevin Austin Jr.",NO,"WR157","8","Coach Upside rating–No rating available","Coach Bust rating–No rating available","3 out of 5 stars","-"
"463",15,"Khalil Herbert",FA,"RB134","-","Coach Upside rating–No rating available","Coach Bust rating–No rating available","-","-"
"464",15,"Jake Bobo",SEA,"WR158","11","Coach Upside rating–No rating available","Coach Bust rating–No rating available","3 out of 5 stars","-"
"465",15,"Alexander Mattison",FA,"RB135","-","Coach Upside rating–No rating available","Coach Bust rating–No rating available","-","-162"
"466",15,"Mo Alie-Cox",IND,"TE66","13","Coach Upside rating–No rating available","Coach Bust rating–No rating available","3 out of 5 stars","-"
"467",15,"Scotty Miller",CHI,"WR159","10","Coach Upside rating–No rating available","Coach Bust rating–No rating available","3 out of 5 stars","-"
"468",15,"Josh Oliver",MIN,"TE67","6","Coach Upside rating–No rating available","Coach Bust rating–No rating available","4 out of 5 stars","-"
"469",15,"Jeshaun Jones",MIN,"WR160","6","Coach Upside rating–No rating available","Coach Bust rating–No rating available","5 out of 5 stars","-"
"470",15,"Elijah Tau-Tolliver",BAL,"RB136","13","Coach Upside rating–No rating available","Coach Bust rating–No rating available","3 out of 5 stars","-"
"471",15,"Adam Trautman",DEN,"TE68","10","Coach Upside rating–No rating available","Coach Bust rating–No rating available","4 out of 5 stars","-"
"472",15,"Damien Martinez",GB,"RB137","11","Coach Upside rating–No rating available","Coach Bust rating–No rating available","4 out of 5 stars","-"
"473",15,"Xavier Smith",LAR,"WR161","11","Coach Upside rating–No rating available","Coach Bust rating–No rating available","1 out of 5 stars","-"
"474",15,"Drew Sample",CIN,"TE69","6","Coach Upside rating–No rating available","Coach Bust rating–No rating available","3 out of 5 stars","-"
"475",15,"Roman Hemby",LV,"RB138","13","Coach Upside rating–No rating available","Coach Bust rating–No rating available","2 out of 5 stars","-"
"476",15,"Jaydn Ott",KC,"RB139","5","Coach Upside rating–No rating available","Coach Bust rating–No rating available","3 out of 5 stars","-"
"477",15,"Michael Woods II",DEN,"WR162","10","Coach Upside rating–No rating available","Coach Bust rating–No rating available","2 out of 5 stars","-"
"478",15,"Nate Boerkircher",JAC,"TE70","7","Coach Upside rating–No rating available","Coach Bust rating–No rating available","3 out of 5 stars","-"
"479",15,"Odell Beckham Jr.",NYG,"WR163","8","Coach Upside rating–No rating available","Coach Bust rating–No rating available","4 out of 5 stars","-"
"480",15,"Will Dissly",FA,"TE71","-","Coach Upside rating–No rating available","Coach Bust rating–No rating available","-","-"
"481",15,"Jordan Watkins",SF,"WR164","8","Coach Upside rating–No rating available","Coach Bust rating–No rating available","2 out of 5 stars","-"
"482",15,"Jake Browning",TB,"QB47","10","Coach Upside rating–No rating available","Coach Bust rating–No rating available","2 out of 5 stars","-"
"483",15,"Elijah Higgins",ARI,"TE72","14","Coach Upside rating–No rating available","Coach Bust rating–No rating available","2 out of 5 stars","-"
"484",15,"Dean Connors",LAR,"RB140","11","Coach Upside rating–No rating available","Coach Bust rating–No rating available","5 out of 5 stars","-"
"485",15,"Demarcus Robinson",SF,"WR165","8","Coach Upside rating–No rating available","Coach Bust rating–No rating available","2 out of 5 stars","-"
"486",15,"Miles Davis",CAR,"RB141","5","Coach Upside rating–No rating available","Coach Bust rating–No rating available","1 out of 5 stars","-"
"487",15,"Gardner Minshew II",ARI,"QB48","14","Coach Upside rating–No rating available","Coach Bust rating–No rating available","2 out of 5 stars","-"
"488",15,"Jacardia Wright",SEA,"RB142","11","Coach Upside rating–No rating available","Coach Bust rating–No rating available","4 out of 5 stars","-"
"489",15,"Marquez Valdes-Scantling",DAL,"WR166","14","Coach Upside rating–No rating available","Coach Bust rating–No rating available","2 out of 5 stars","-"
"490",15,"David Sills V",TB,"WR167","10","Coach Upside rating–No rating available","Coach Bust rating–No rating available","4 out of 5 stars","-"
"491",15,"Raheem Mostert",LV,"RB143","13","Coach Upside rating–No rating available","Coach Bust rating–No rating available","2 out of 5 stars","-"
"492",15,"Cam Akers",FA,"RB144","-","Coach Upside rating–No rating available","Coach Bust rating–No rating available","-","-"
"493",16,"Dontae McMillan",BAL,"RB145","13","Coach Upside rating–No rating available","Coach Bust rating–No rating available","3 out of 5 stars","-"
"494",16,"Corey Kiner",ARI,"RB146","14","Coach Upside rating–No rating available","Coach Bust rating–No rating available","2 out of 5 stars","-"
"495",16,"Luke Schoonmaker",DAL,"TE73","14","Coach Upside rating–No rating available","Coach Bust rating–No rating available","2 out of 5 stars","-"
"496",16,"Michael Trigg",DAL,"TE74","14","Coach Upside rating–No rating available","Coach Bust rating–No rating available","2 out of 5 stars","-187"
"497",16,"Tanner Hudson",CIN,"TE75","6","Coach Upside rating–No rating available","Coach Bust rating–No rating available","3 out of 5 stars","-"
"498",16,"Riley Leonard",IND,"QB49","13","Coach Upside rating–No rating available","Coach Bust rating–No rating available","4 out of 5 stars","-"
"499",16,"Van Jefferson",WAS,"WR168","7","Coach Upside rating–No rating available","Coach Bust rating–No rating available","2 out of 5 stars","-"
"500",16,"Roman Wilson",PIT,"WR169","9","Coach Upside rating–No rating available","Coach Bust rating–No rating available","3 out of 5 stars","-"
"501",16,"Brock Wright",DET,"TE76","6","Coach Upside rating–No rating available","Coach Bust rating–No rating available","3 out of 5 stars","-"
"502",16,"Reggie Virgil",ARI,"WR170","14","Coach Upside rating–No rating available","Coach Bust rating–No rating available","2 out of 5 stars","-"
"503",16,"Quinn Ewers",MIA,"QB50","6","Coach Upside rating–No rating available","Coach Bust rating–No rating available","3 out of 5 stars","-"
"504",16,"Kenny McIntosh",FA,"RB147","-","Coach Upside rating–No rating available","Coach Bust rating–No rating available","-","-"
"505",16,"Jackson Hawes",BUF,"TE77","7","Coach Upside rating–No rating available","Coach Bust rating–No rating available","3 out of 5 stars","-"
"506",16,"Reggie Gilliam",NE,"RB148","11","Coach Upside rating–No rating available","Coach Bust rating–No rating available","2 out of 5 stars","-"