Rank,Player,Position,Team,Katz Rank,Soppe Rank,Average
1,Bijan Robinson,RB,ATL,2,1,1
2,Jahmyr Gibbs,RB,DET,1,2,2
3,Ja'Marr Chase,WR,CIN,3,3,3
4,Ashton Jeanty,RB,LV,5,5,4
5,Puka Nacua,WR,LAR,6,6,5
6,James Cook III,RB,BUF,10,4,6
7,Jonathan Taylor,RB,IND,4,10,7
8,Christian McCaffrey,RB,SF,7,7,8
9,Jaxon Smith-Njigba,WR,SEA,8,8,9
10,Amon-Ra St. Brown,WR,DET,9,9,10
11,Saquon Barkley,RB,PHI,12,15,11
12,Nico Collins,WR,HOU,17,11,12
13,Drake London,WR,ATL,16,13,13
14,CeeDee Lamb,WR,DAL,11,17,14
15,Chase Brown,RB,CIN,15,18,15
16,Justin Jefferson,WR,MIN,13,20,16
17,Trey McBride,TE,ARI,24,14,17
18,A.J. Brown,WR,NE,20,16,18
19,De'Von Achane,RB,MIA,28,12,19
20,Brock Bowers,TE,LV,14,24,20
21,Jeremiyah Love,RB,ARI,23,19,21
22,Derrick Henry,RB,BAL,19,23,22
23,George Pickens,WR,DAL,22,25,23
24,Kenneth Walker III,RB,KC,18,31,24
25,Colston Loveland,TE,CHI,25,25,25
26,Malik Nabers,WR,NYG,30,22,26
27,Josh Allen,QB,BUF,27,27,27
28,Omarion Hampton,RB,LAC,26,28,28
29,DeVonta Smith,WR,PHI,25,38,29
30,Zay Flowers,WR,BAL,38,27,30
31,Jaylen Waddle,WR,DEN,39,30,31
32,Tucker Kraft,TE,GB,34,34,32
33,Chris Olave,WR,NO,27,41,33
34,Javonte Williams,RB,DAL,46,26,34
35,Tee Higgins,WR,CIN,35,35,35
36,Breece Hall,RB,NYJ,31,40,36
37,Drake Maye,QB,NE,42,35,37
38,Kyren Williams,RB,LAR,34,43,38
39,Ladd McConkey,WR,LAC,47,32,39
40,Travis Etienne Jr.,RB,NO,43,37,40
41,Rashee Rice,WR,KC,32,48,41
42,D'Andre Swift,RB,CHI,49,34,42
43,Lamar Jackson,QB,BAL,35,50,43
44,Josh Jacobs,RB,GB,37,46,44
45,Luther Burden III,WR,CHI,48,39,45
46,Tyler Warren,TE,IND,45,45,46
47,Emeka Egbuka,WR,TB,45,45,47
48,Terry McLaurin,WR,WAS,41,51,48
49,Cam Skattebo,RB,NYG,40,58,49
50,Tetairoa McMillan,WR,CAR,51,47,50
51,Joe Burrow,QB,CIN,62,42,51
52,Jayden Daniels,QB,WAS,50,56,52
53,David Montgomery,RB,HOU,55,53,53
54,Garrett Wilson,WR,NYJ,54,54,54
55,Jameson Williams,WR,DET,56,56,55
56,TreVeyon Henderson,RB,NE,64,49,56
57,Christian Watson,WR,GB,57,60,57
58,George Kittle,TE,SF,69,53,58
59,Jaylen Warren,RB,PIT,60,62,59
60,Quinshon Judkins,RB,CLE,53,68,60
61,Harold Fannin Jr.,TE,CLE,61,61,61
62,Jalen Hurts,QB,PHI,56,68,62
63,Bucky Irving,RB,TB,70,55,63
64,Sam LaPorta,TE,DET,53,69,64
65,Chuba Hubbard,RB,CAR,66,60,65
66,Bhayshul Tuten,RB,JAX,58,70,66
67,Rome Odunze,WR,CHI,60,72,67
68,Jadarian Price,RB,SEA,68,64,68
69,Jordyn Tyson,WR,NO,66,69,69
70,Rhamondre Stevenson,RB,NE,62,74,70
71,Caleb Williams,QB,CHI,80,62,71
72,Kenny Gainwell,RB,TB,74,66,72
73,Jaxson Dart,QB,NYG,68,74,73
74,Brian Thomas Jr.,WR,JAX,81,66,74
75,Davante Adams,WR,LAR,69,78,75
76,Tony Pollard,RB,TEN,72,76,76
77,Carnell Tate,WR,TEN,63,87,77
78,Marvin Harrison Jr.,WR,ARI,78,75,78
79,Justin Herbert,QB,LAC,74,80,79
80,Rico Dowdle,RB,PIT,76,82,80
81,Parker Washington,WR,JAX,75,84,81
82,RJ Harvey,RB,DEN,84,78,82
83,Blake Corum,RB,LAR,80,86,83
84,Kyle Pitts Sr.,TE,ATL,80,87,84
85,Mike Evans,WR,SF,72,96,85
86,Jordan Mason,RB,MIN,96,72,86
87,Kyle Monangai,RB,CHI,82,88,87
88,Jakobi Meyers,WR,JAX,114,57,88
89,Trevor Lawrence,QB,JAX,86,86,89
90,Rachaad White,RB,WAS,78,96,90
91,Josh Downs,WR,IND,93,81,91
92,Jacory Croskey-Merritt,RB,WAS,92,84,92
93,Chris Rodriguez Jr.,RB,JAX,90,90,93
94,Alec Pierce,WR,IND,90,90,94
95,Zach Charbonnet,RB,SEA,102,80,95
96,Aaron Jones Sr.,RB,MIN,88,94,96
97,DJ Moore,WR,BUF,84,99,97
98,Dak Prescott,QB,DAL,92,92,98
99,Michael Wilson,WR,ARI,126,63,99
100,Isaiah Likely,TE,NYG,115,80,100
101,Tyrone Tracy Jr.,RB,NYG,94,106,101
102,Courtland Sutton,WR,DEN,108,93,102
103,Patrick Mahomes II,QB,KC,104,98,103
104,Tyler Allgeier,RB,ARI,110,92,104
105,Isiah Pacheco,RB,DET,108,98,105
106,Jonathon Brooks,RB,CAR,86,120,106
107,Quentin Johnston,WR,LAC,87,120,107
108,Brock Purdy,QB,SF,98,110,108
109,J.K. Dobbins,RB,DEN,98,112,109
110,Wan'Dale Robinson,WR,TEN,99,114,110
111,Woody Marks,RB,HOU,106,110,111
112,Bo Nix,QB,DEN,110,104,112
113,Jake Ferguson,TE,DAL,129,94,113
114,Jayden Reed,WR,GB,111,108,114
115,Mark Andrews,TE,BAL,122,101,115
116,Tyjae Spears,RB,TEN,104,118,116
117,DK Metcalf,WR,PIT,120,102,117
118,Nick Singleton,RB,TEN,124,100,118
119,Dallas Goedert,TE,PHI,101,129,119
120,Brian Robinson Jr.,RB,ATL,112,122,120
121,Makai Lemon,WR,PHI,117,117,121
122,Michael Pittman Jr.,WR,PIT,102,132,122
123,Travis Kelce,TE,KC,94,143,123
124,Tank Bigsby,RB,PHI,114,126,124
125,Jordan Addison,WR,MIN,105,135,125
126,Keaton Mitchell,RB,LAC,118,124,126
127,Matthew Stafford,QB,LAR,128,116,127
128,Kimani Vidal,RB,LAC,140,104,128
129,Jared Goff,QB,DET,122,122,129
130,Chig Okonkwo,TE,WAS,136,108,130
131,James Conner,RB,ARI,144,102,131
132,Jonah Coleman,RB,DEN,116,130,132
133,Chris Godwin Jr.,WR,TB,96,150,133
134,Kyler Murray,QB,MIN,116,128,134
135,Dalton Kincaid,TE,BUF,87,157,135
136,Dylan Sampson,RB,CLE,100,148,136
137,Sean Tucker,RB,TB,120,132,137
138,KC Concepcion,WR,CLE,129,126,138
139,Jaylen Wright,RB,MIA,148,108,139
140,Matthew Golden,WR,GB,153,105,140
141,Brenton Strange,TE,JAX,108,150,141
142,Alvin Kamara,RB,NO,126,136,142
143,Khalil Shakir,WR,BUF,150,111,143
144,Romeo Doubs,WR,NE,132,129,144
145,Ray Davis,RB,BUF,136,134,145
146,Xavier Worthy,WR,KC,123,144,146
147,Juwan Johnson,TE,NO,150,115,147
148,Najee Harris,RB,,158,114,148
149,Oronde Gadsden II,TE,LAC,143,122,149
150,Jordan Love,QB,GB,140,134,150
151,Kaytron Allen,RB,WAS,132,144,151
152,Braelon Allen,RB,NYJ,122,154,152
153,Deebo Samuel Sr.,WR,SF,141,138,153
154,Rashid Shaheed,WR,SEA,138,141,154
155,Tyler Shough,QB,NO,146,140,155
156,Kendre Miller,RB,NO,152,138,156
157,Devin Singletary,RB,NYG,176,116,157
158,Stefon Diggs,WR,,144,147,158
159,Malik Willis,QB,MIA,134,158,159
160,Devin Neal,RB,NO,154,142,160
161,Ollie Gordon II,RB,MIA,146,150,161
162,Baker Mayfield,QB,TB,152,146,162
163,Jalen Coker,WR,CAR,135,165,163
164,Jayden Higgins,WR,HOU,147,156,164
165,Emanuel Wilson,RB,SEA,170,140,165
166,Isaiah Davis,RB,NYJ,164,146,166
167,Mike Washington Jr.,RB,LV,138,174,167
168,Jauan Jennings,WR,MIN,192,123,168
169,C.J. Stroud,QB,HOU,164,152,169
170,Trey Benson,RB,ARI,194,128,170
171,Hunter Henry,TE,NE,157,164,171
172,George Holani,RB,SEA,134,190,172
173,Sam Darnold,QB,SEA,158,164,173
174,Travis Hunter,WR,JAX,165,162,174
175,Malik Davis,RB,DAL,160,168,175
176,Chris Brooks,RB,GB,142,188,176
177,Emmett Johnson,RB,KC,130,200,177
178,Omar Cooper Jr.,WR,NYJ,159,171,178
179,De'Zhaun Stribling,WR,SF,180,153,179
180,Dalton Schultz,TE,HOU,199,136,180
181,Brashard Smith,RB,KC,178,158,181
182,Jalen McMillan,WR,TB,171,168,182
183,Ty Johnson,RB,BUF,180,162,183
184,Bryce Young,QB,CAR,170,170,184
185,Isaac Guerendo,RB,SF,184,160,185
186,Jerome Ford,RB,WAS,182,164,186
187,DJ Giddens,RB,IND,174,172,187
188,Jerry Jeudy,WR,CLE,189,159,188
189,Jaleel McLaughlin,RB,DEN,192,156,189
190,Jordan James,RB,SF,128,222,190
191,MarShawn Lloyd,RB,GB,186,166,191
192,Justice Hill,RB,BAL,166,186,192
193,Kaleb Johnson,RB,PIT,202,152,193
194,Jacoby Brissett,QB,ARI,182,176,194
195,Tre Harris,WR,LAC,183,177,195
196,Tre Tucker,WR,LV,156,204,196
197,Kenyon Sadiq,TE,NYJ,185,178,197
198,Houston Texans,DST,,180,,198
199,AJ Barner,TE,SEA,171,192,199
200,Denver Broncos,DST,,182,,200
201,T.J. Hockenson,TE,MIN,164,199,201
202,Emari Demercado,RB,KC,172,192,202
203,Adonai Mitchell,WR,NYJ,177,192,203
204,Samaje Perine,RB,CIN,168,198,204
205,Seattle Seahawks,DST,,184,,205
206,Cam Ward,QB,TEN,188,182,206
207,Trevor Etienne,RB,CAR,190,178,207
208,Tank Dell,WR,HOU,198,174,208
209,Los Angeles Rams,DST,,186,,209
210,LeQuint Allen Jr.,RB,JAX,188,182,210
211,Jalen Nailor,WR,LV,186,189,211
212,Jaydon Blue,RB,DAL,162,210,212
213,Philadelphia Eagles,DST,,188,,213
214,Audric Estime,RB,NO,204,170,214
215,New England Patriots,DST,,190,,215
216,Demond Claiborne,RB,MIN,150,232,216
217,Minnesota Vikings,DST,,192,,217
218,Denzel Boston,WR,CLE,168,219,218
219,Jarquez Hunter,RB,LAR,208,176,219
220,Jacksonville Jaguars,DST,,194,,220
221,Ryan Flournoy,WR,DAL,174,216,221
222,Terrance Ferguson,TE,LAR,220,171,222
223,Pittsburgh Steelers,DST,,196,,223
224,Bam Knight,RB,,210,180,224
225,Greg Dulcich,TE,MIA,178,213,225
226,Michael Carter,RB,TEN,,196,226
227,Baltimore Ravens,DST,,198,,227
228,Joe Mixon,RB,,212,184,228
229,Cleveland Browns,DST,,200,,229
230,Troy Franklin,WR,DEN,225,180,230
231,Kareem Hunt,RB,,206,194,231
232,Adam Randall,RB,BAL,156,244,232
233,Green Bay Packers,DST,,202,,233
234,Aaron Rodgers,QB,PIT,224,188,234
235,Geno Smith,QB,NYJ,194,218,235
236,Tahj Brooks,RB,CIN,200,204,236
237,Los Angeles Chargers,DST,,204,,237
238,Nick Chubb,RB,,,202,238
239,Daniel Jones,QB,IND,176,236,239
240,Kansas City Chiefs,DST,,206,,240
241,Dontayvion Wicks,WR,PHI,195,222,241
242,Will Shipley,RB,PHI,,206,242
243,Detroit Lions,DST,,208,,243
244,Christian Kirk,WR,SF,222,198,244
245,Michael Penix Jr.,QB,ATL,206,212,245
246,Austin Ekeler,RB,,,208,246
247,Buffalo Bills,DST,,210,,247
248,Pat Bryant,WR,DEN,216,210,248
249,Kaelon Black,RB,SF,196,224,249
250,Fernando Mendoza,QB,LV,230,194,250
251,Atlanta Falcons,DST,,212,,251
252,Jaylin Noel,WR,HOU,243,186,252
253,Kirk Cousins,QB,LV,218,206,253
254,Seth McGowan,RB,IND,198,226,254
255,Indianapolis Colts,DST,,214,,255
256,Terrell Jennings,RB,NE,,212,256
257,San Francisco 49ers,DST,,216,,257
258,Dameon Pierce,RB,PHI,,214,258
259,Evan Engram,TE,DEN,255,185,259
260,Chicago Bears,DST,,218,,260
261,Antonio Gibson,RB,,,216,261
262,Brandon Aiyuk,WR,SF,240,201,262
263,Cade Otton,TE,TB,234,206,263
264,Brandon Aubrey,K,DAL,220,,264
265,Raheim Sanders,RB,CLE,,218,265
266,Deshaun Watson,QB,CLE,212,230,266
267,Jawhar Jordan,RB,HOU,,220,267
268,Ka'imi Fairbairn,K,HOU,222,,268
269,Chimere Dike,WR,TEN,255,195,269
270,Gunnar Helm,TE,TEN,192,255,270
271,Tua Tagovailoa,QB,ATL,200,242,271
272,Cam Little,K,JAX,224,,272
273,Isaac TeSlaa,WR,DET,231,225,273
274,Jason Myers,K,SEA,226,,274
275,Justin Fields,QB,KC,248,200,275
276,Eli Heidenreich,RB,PIT,214,238,276
277,Eddy Pineiro,K,SF,228,,277
278,Roman Hemby,RB,LV,,228,278
279,Cameron Dicker,K,LAC,230,,279
280,Jam Miller,RB,NE,216,242,280
281,J'Mari Taylor,RB,JAX,220,240,281
282,Jaydn Ott,RB,KC,,230,282
283,Evan McPherson,K,CIN,232,,283
284,Shedeur Sanders,QB,CLE,236,224,284
285,Jake Tonges,TE,SF,241,227,285
286,Tyler Loop,K,BAL,234,,286
287,Desmond Reid,RB,,218,246,287
288,Keenan Allen,WR,,294,183,288
289,Elic Ayomanor,WR,TEN,264,213,289
290,Darnell Mooney,WR,NYG,237,240,290
291,Harrison Butker,K,KC,236,,291
292,Robert Henry Jr.,RB,WAS,,234,292
293,David Njoku,TE,LAC,227,248,293
294,Calvin Ridley,WR,TEN,207,273,294
295,Andy Borregales,K,NE,238,,295
296,Le'Veon Moss,RB,,,236,296
297,Colby Parkinson,TE,LAR,213,262,297
298,Kayshon Boutte,WR,NE,252,231,298
299,Pat Freiermuth,TE,PIT,206,269,299
300,Cairo Santos,K,CHI,240,,300
301,Elijah Sarratt,WR,BAL,204,279,301
302,Wil Lutz,K,DEN,242,,302
303,Theo Johnson,TE,NYG,262,220,303
304,Jake Bates,K,DET,244,,304
305,Zachariah Branch,WR,ATL,210,282,305
306,Mason Taylor,TE,NYJ,248,234,306
307,Tyquan Thornton,WR,KC,219,276,307
308,Chris Boswell,K,PIT,246,,308
309,Chase McLaughlin,K,TB,248,,309
310,Jack Bech,WR,LV,249,252,310
311,Will Reichard,K,MIN,250,,311
312,J.J. McCarthy,QB,MIN,254,248,312
313,Rashod Bateman,WR,BAL,276,228,313
314,Kyle Williams,WR,NE,267,237,314
315,Mac Jones,QB,SF,242,260,315
316,Harrison Mevis,K,LAR,252,,316
317,Keon Coleman,WR,BUF,273,234,317
318,Charlie Smyth,K,NO,254,,318
319,Ty Simpson,QB,LAR,260,254,319
320,Devaughn Vele,WR,NO,213,306,320
321,Eli Stowers,TE,PHI,276,241,321
322,Malachi Fields,WR,NYG,258,267,322
323,Tory Horton,WR,SEA,270,258,323
324,Savion Williams,WR,GB,,264,324
325,Marvin Mims Jr.,WR,DEN,288,243,325
326,Anthony Richardson Sr.,QB,IND,,266,326
327,Antonio Williams,WR,WAS,162,369,327
328,Malik Washington,WR,MIA,234,300,328
329,Mack Hollins,WR,NE,285,255,329
330,Marcus Mariota,QB,WAS,272,,330
331,Treylon Burks,WR,WAS,336,207,331
332,Mike Gesicki,TE,CIN,269,276,332
333,Darius Slayton,WR,NYG,297,249,333
334,Jameis Winston,QB,NYG,278,272,334
335,Cooper Kupp,WR,SEA,291,261,335
336,Carson Beck,QB,ARI,266,290,336
337,Joe Milton III,QB,DAL,,278,337
338,Tommy Myers,TE,,,283,338
339,Demarcus Robinson,WR,SF,282,,339
340,Cedric Tillman,WR,CLE,324,246,340
341,Germie Bernard,WR,PIT,201,375,341
342,John Bates,TE,WAS,,290,342
343,Drew Allar,QB,PIT,296,284,343
344,Darnell Washington,TE,PIT,290,,344
345,Xavier Legette,WR,CAR,300,285,345
346,Taylen Green,QB,CLE,290,296,346
347,Andrei Iosivas,WR,CIN,318,270,347
348,Xavier Hutchinson,WR,HOU,,294,348
349,Max Klare,TE,LAR,283,311,349
350,Konata Mumpfield,WR,LAR,,297,350
351,Tyler Higbee,TE,LAR,297,,351
352,Isaiah Bond,WR,CLE,306,291,352
353,Chris Bell,WR,MIA,228,372,353
354,Cole Payton,QB,PHI,284,320,354
355,Cade Klubnik,QB,NYJ,,302,355
356,Hollywood Brown,WR,,303,312,356
357,Garrett Nussmeier,QB,KC,302,314,357
358,Luke McCaffrey,WR,WAS,,309,358
359,Miller Moss,QB,CHI,,308,359
360,Elijah Arroyo,TE,SEA,311,,360
361,Jahan Dotson,WR,ATL,312,,361
362,Tez Johnson,WR,TB,309,321,362
363,Ja'Kobi Lane,WR,BAL,246,384,363
364,Dont'e Thornton Jr.,WR,LV,,315,364
365,Justin Joly,TE,DEN,304,332,365
366,Calvin Austin III,WR,NYG,330,303,366
367,Noah Gray,TE,KC,318,,367
368,Jalen Royals,WR,KC,,318,368
369,Skyler Bell,WR,BUF,261,381,369
370,Chris Brazzell II,WR,CAR,360,288,370
371,Eli Raridon,TE,NE,353,297,371
372,John Metchie III,WR,CAR,,324,372
373,Oscar Delp,TE,NO,346,304,373
374,Ja'Tavion Sanders,TE,CAR,325,,374
375,Joshua Palmer,WR,BUF,,327,375
376,Ted Hurst,WR,TB,279,378,376
377,Olamide Zaccheaus,WR,ATL,333,330,377
378,DeMario Douglas,WR,NE,327,336,378
379,Zach Ertz,TE,,332,,379
380,Jaylin Lane,WR,WAS,,333,380
381,Xavier Restrepo,WR,TEN,,339,381
382,Tanner Koziol,TE,JAX,,339,382
383,Noah Fant,TE,NO,339,,383
384,Tutu Atwell,WR,MIA,339,345,384
385,Theo Wease Jr.,WR,MIA,,342,385
386,Jalen Tolbert,WR,MIA,342,,386
387,Jack Endries,TE,CIN,,346,387
388,Kevin Coleman Jr.,WR,MIA,345,351,388
389,Brandin Cooks,WR,,,348,389
390,KaVontae Turpin,WR,DAL,348,,390
391,Malik Benson,WR,LV,351,354,391
392,Joe Royer,TE,CLE,,353,392
393,Caleb Douglas,WR,MIA,321,387,393
394,Brenen Thompson,WR,LAC,315,393,394
395,Sam Roush,TE,CHI,395,318,395
396,Tai Felton,WR,MIN,,357,396
397,Michael Trigg,TE,DAL,388,325,397
398,Tyreek Hill,WR,,354,366,398
399,Antwane Wells Jr.,WR,ATL,,360,399
400,Dallen Bentley,TE,DEN,,360,400
401,Julian Fleming,WR,,,363,401
402,Michael Mayer,TE,LV,360,,402
403,RJ Maryland,TE,GB,,367,403
404,Dawson Knox,TE,BUF,367,,404
405,Eric McAlister,WR,,366,390,405
406,Cole Kmet,TE,CHI,374,,406
407,Deion Burks,WR,IND,369,399,407
408,Zavion Thomas,WR,CHI,357,411,408
409,Bryce Lance,WR,NO,363,408,409
410,Barion Brown,WR,NO,372,402,410
411,Luke Musgrave,TE,GB,381,,411
412,Reggie Virgil,WR,ARI,375,405,412
413,Cyrus Allen,WR,KC,,396,413